Fecha;Unidades
1/01/2012;0
2/01/2012;188
3/01/2012;482
4/01/2012;927
5/01/2012;1159
6/01/2012;996
7/01/2012;243
8/01/2012;0
9/01/2012;0
10/01/2012;697
11/01/2012;956
12/01/2012;1001
13/01/2012;1170
14/01/2012;372
15/01/2012;1
16/01/2012;805
17/01/2012;913
18/01/2012;1049
19/01/2012;979
20/01/2012;1018
21/01/2012;312
22/01/2012;0
23/01/2012;802
24/01/2012;893
25/01/2012;1030
26/01/2012;1108
27/01/2012;1049
28/01/2012;369
29/01/2012;2
30/01/2012;823
31/01/2012;1046
1/02/2012;1142
2/02/2012;1185
3/02/2012;1295
4/02/2012;344
5/02/2012;0
6/02/2012;853
7/02/2012;1170
8/02/2012;1177
9/02/2012;1182
10/02/2012;1191
11/02/2012;411
12/02/2012;1
13/02/2012;881
14/02/2012;1120
15/02/2012;1126
16/02/2012;1098
17/02/2012;1243
18/02/2012;309
19/02/2012;0
20/02/2012;733
21/02/2012;994
22/02/2012;1186
23/02/2012;1247
24/02/2012;1315
25/02/2012;386
26/02/2012;0
27/02/2012;855
28/02/2012;1239
29/02/2012;1157
1/03/2012;1201
2/03/2012;1342
3/03/2012;358
4/03/2012;0
5/03/2012;886
6/03/2012;1209
7/03/2012;1553
8/03/2012;1340
9/03/2012;1279
10/03/2012;489
11/03/2012;1
12/03/2012;971
13/03/2012;1305
14/03/2012;1366
15/03/2012;1357
16/03/2012;1461
17/03/2012;339
18/03/2012;0
19/03/2012;0
20/03/2012;937
21/03/2012;1247
22/03/2012;1332
23/03/2012;1479
24/03/2012;139
25/03/2012;32
26/03/2012;1113
27/03/2012;1163
28/03/2012;1469
29/03/2012;1559
30/03/2012;1805
31/03/2012;485
1/04/2012;1
2/04/2012;1128
3/04/2012;1589
4/04/2012;1182
5/04/2012;1
6/04/2012;0
7/04/2012;1
8/04/2012;0
9/04/2012;770
10/04/2012;1196
11/04/2012;1467
12/04/2012;1456
13/04/2012;1369
14/04/2012;422
15/04/2012;0
16/04/2012;795
17/04/2012;1067
18/04/2012;1360
19/04/2012;1083
20/04/2012;1443
21/04/2012;310
22/04/2012;0
23/04/2012;965
24/04/2012;1143
25/04/2012;1361
26/04/2012;1264
27/04/2012;737
28/04/2012;515
29/04/2012;34
30/04/2012;1286
1/05/2012;3
2/05/2012;965
3/05/2012;1228
4/05/2012;1349
5/05/2012;375
6/05/2012;0
7/05/2012;985
8/05/2012;1353
9/05/2012;1426
10/05/2012;1393
11/05/2012;1455
12/05/2012;230
13/05/2012;1
14/05/2012;1055
15/05/2012;1276
16/05/2012;1314
17/05/2012;1388
18/05/2012;1282
19/05/2012;437
20/05/2012;15
21/05/2012;0
22/05/2012;940
23/05/2012;1045
24/05/2012;1198
25/05/2012;1338
26/05/2012;436
27/05/2012;0
28/05/2012;894
29/05/2012;1146
30/05/2012;1283
31/05/2012;1256
1/06/2012;1222
2/06/2012;323
3/06/2012;1
4/06/2012;953
5/06/2012;1156
6/06/2012;1404
7/06/2012;1453
8/06/2012;1460
9/06/2012;471
10/06/2012;0
11/06/2012;0
12/06/2012;919
13/06/2012;1206
14/06/2012;1390
15/06/2012;1337
16/06/2012;348
17/06/2012;30
18/06/2012;0
19/06/2012;987
20/06/2012;1116
21/06/2012;1300
22/06/2012;1330
23/06/2012;352
24/06/2012;7
25/06/2012;541
26/06/2012;625
27/06/2012;1493
28/06/2012;1510
29/06/2012;1396
30/06/2012;361
1/07/2012;1
2/07/2012;2
3/07/2012;853
4/07/2012;1267
5/07/2012;1250
6/07/2012;1416
7/07/2012;619
8/07/2012;1
9/07/2012;978
10/07/2012;1246
11/07/2012;1271
12/07/2012;1242
13/07/2012;1510
14/07/2012;390
15/07/2012;0
16/07/2012;831
17/07/2012;1105
18/07/2012;1181
19/07/2012;1515
20/07/2012;23
21/07/2012;325
22/07/2012;0
23/07/2012;875
24/07/2012;1094
25/07/2012;1386
26/07/2012;1298
27/07/2012;1400
28/07/2012;389
29/07/2012;1
30/07/2012;1030
31/07/2012;1139
1/08/2012;1157
2/08/2012;1242
3/08/2012;1315
4/08/2012;439
5/08/2012;0
6/08/2012;959
7/08/2012;1
8/08/2012;1116
9/08/2012;1359
10/08/2012;1369
11/08/2012;370
12/08/2012;21
13/08/2012;980
14/08/2012;1141
15/08/2012;1195
16/08/2012;1320
17/08/2012;1235
18/08/2012;365
19/08/2012;0
20/08/2012;0
21/08/2012;809
22/08/2012;1036
23/08/2012;1223
24/08/2012;1113
25/08/2012;490
26/08/2012;62
27/08/2012;792
28/08/2012;1131
29/08/2012;1157
30/08/2012;1296
31/08/2012;1295
1/09/2012;280
2/09/2012;1
3/09/2012;829
4/09/2012;1008
5/09/2012;1035
6/09/2012;1368
7/09/2012;1281
8/09/2012;489
9/09/2012;30
10/09/2012;1095
11/09/2012;1204
12/09/2012;1347
13/09/2012;1439
14/09/2012;1293
15/09/2012;405
16/09/2012;0
17/09/2012;930
18/09/2012;933
19/09/2012;1320
20/09/2012;1353
21/09/2012;1231
22/09/2012;313
23/09/2012;41
24/09/2012;840
25/09/2012;1033
26/09/2012;1287
27/09/2012;1335
28/09/2012;1415
29/09/2012;422
30/09/2012;0
1/10/2012;813
2/10/2012;1110
3/10/2012;1280
4/10/2012;1352
5/10/2012;1360
6/10/2012;400
7/10/2012;10
8/10/2012;1195
9/10/2012;1209
10/10/2012;1299
11/10/2012;1324
12/10/2012;1275
13/10/2012;326
14/10/2012;18
15/10/2012;0
16/10/2012;752
17/10/2012;1022
18/10/2012;853
19/10/2012;1319
20/10/2012;391
21/10/2012;7
22/10/2012;866
23/10/2012;1057
24/10/2012;1159
25/10/2012;1180
26/10/2012;1203
27/10/2012;327
28/10/2012;1
29/10/2012;828
30/10/2012;1281
31/10/2012;1195
1/11/2012;1088
2/11/2012;1320
3/11/2012;289
4/11/2012;0
5/11/2012;0
6/11/2012;875
7/11/2012;1095
8/11/2012;1318
9/11/2012;1361
10/11/2012;336
11/11/2012;0
12/11/2012;0
13/11/2012;855
14/11/2012;1142
15/11/2012;1205
16/11/2012;1186
17/11/2012;311
18/11/2012;1
19/11/2012;845
20/11/2012;1084
21/11/2012;1056
22/11/2012;1135
23/11/2012;1232
24/11/2012;329
25/11/2012;1
26/11/2012;893
27/11/2012;1180
28/11/2012;1323
29/11/2012;1448
30/11/2012;1565
1/12/2012;422
2/12/2012;1
3/12/2012;1024
4/12/2012;1175
5/12/2012;1587
6/12/2012;1783
7/12/2012;1652
8/12/2012;0
9/12/2012;0
10/12/2012;1238
11/12/2012;1583
12/12/2012;1729
13/12/2012;1827
14/12/2012;1861
15/12/2012;515
16/12/2012;0
17/12/2012;1192
18/12/2012;1789
19/12/2012;1961
20/12/2012;2101
21/12/2012;2124
22/12/2012;904
23/12/2012;0
24/12/2012;535
25/12/2012;0
26/12/2012;1206
27/12/2012;1921
28/12/2012;2418
29/12/2012;1087
30/12/2012;0
31/12/2012;68
1/01/2013;0
2/01/2013;223
3/01/2013;402
4/01/2013;884
5/01/2013;215
6/01/2013;0
7/01/2013;0
8/01/2013;623
9/01/2013;1005
10/01/2013;957
11/01/2013;1069
12/01/2013;311
13/01/2013;1
14/01/2013;766
15/01/2013;1063
16/01/2013;1007
17/01/2013;1083
18/01/2013;951
19/01/2013;248
20/01/2013;0
21/01/2013;756
22/01/2013;816
23/01/2013;998
24/01/2013;852
25/01/2013;952
26/01/2013;285
27/01/2013;0
28/01/2013;809
29/01/2013;983
30/01/2013;1178
31/01/2013;1104
1/02/2013;1064
2/02/2013;224
3/02/2013;0
4/02/2013;740
5/02/2013;885
6/02/2013;1218
7/02/2013;1150
8/02/2013;1181
9/02/2013;291
10/02/2013;1
11/02/2013;830
12/02/2013;916
13/02/2013;1076
14/02/2013;1110
15/02/2013;1265
16/02/2013;263
17/02/2013;0
18/02/2013;719
19/02/2013;1036
20/02/2013;1096
21/02/2013;1064
22/02/2013;1094
23/02/2013;324
24/02/2013;0
25/02/2013;755
26/02/2013;1119
27/02/2013;1133
28/02/2013;1311
1/03/2013;963
2/03/2013;264
3/03/2013;0
4/03/2013;677
5/03/2013;930
6/03/2013;1073
7/03/2013;1136
8/03/2013;1207
9/03/2013;354
10/03/2013;1
11/03/2013;851
12/03/2013;1065
13/03/2013;1167
14/03/2013;1223
15/03/2013;1297
16/03/2013;385
17/03/2013;0
18/03/2013;830
19/03/2013;1249
20/03/2013;1341
21/03/2013;1459
22/03/2013;1630
23/03/2013;532
24/03/2013;0
25/03/2013;0
26/03/2013;953
27/03/2013;1104
28/03/2013;14
29/03/2013;0
30/03/2013;2
31/03/2013;0
1/04/2013;588
2/04/2013;995
3/04/2013;1165
4/04/2013;1262
5/04/2013;1350
6/04/2013;301
7/04/2013;34
8/04/2013;874
9/04/2013;1221
10/04/2013;1204
11/04/2013;1285
12/04/2013;1279
13/04/2013;394
14/04/2013;16
15/04/2013;781
16/04/2013;1174
17/04/2013;1153
18/04/2013;1203
19/04/2013;1155
20/04/2013;348
21/04/2013;1
22/04/2013;778
23/04/2013;1090
24/04/2013;1161
25/04/2013;1392
26/04/2013;1433
27/04/2013;411
28/04/2013;0
29/04/2013;1015
30/04/2013;1570
1/05/2013;19
2/05/2013;963
3/05/2013;1202
4/05/2013;355
5/05/2013;5
6/05/2013;343
7/05/2013;657
8/05/2013;1241
9/05/2013;1428
10/05/2013;1626
11/05/2013;271
12/05/2013;1
13/05/2013;0
14/05/2013;914
15/05/2013;1155
16/05/2013;1164
17/05/2013;1245
18/05/2013;336
19/05/2013;0
20/05/2013;765
21/05/2013;1087
22/05/2013;1010
23/05/2013;1251
24/05/2013;1117
25/05/2013;281
26/05/2013;4
27/05/2013;962
28/05/2013;1062
29/05/2013;1357
30/05/2013;1485
31/05/2013;1529
1/06/2013;300
2/06/2013;3
3/06/2013;0
4/06/2013;698
5/06/2013;1071
6/06/2013;1184
7/06/2013;1382
8/06/2013;352
9/06/2013;0
10/06/2013;0
11/06/2013;758
12/06/2013;1102
13/06/2013;1238
14/06/2013;1211
15/06/2013;408
16/06/2013;1
17/06/2013;933
18/06/2013;932
19/06/2013;1103
20/06/2013;1213
21/06/2013;1329
22/06/2013;337
23/06/2013;0
24/06/2013;788
25/06/2013;1308
26/06/2013;1345
27/06/2013;1510
28/06/2013;1656
29/06/2013;537
30/06/2013;20
1/07/2013;0
2/07/2013;689
3/07/2013;1045
4/07/2013;1101
5/07/2013;1185
6/07/2013;464
7/07/2013;0
8/07/2013;871
9/07/2013;1231
10/07/2013;1270
11/07/2013;1315
12/07/2013;1249
13/07/2013;358
14/07/2013;0
15/07/2013;629
16/07/2013;1029
17/07/2013;1147
18/07/2013;1288
19/07/2013;1175
20/07/2013;111
21/07/2013;0
22/07/2013;889
23/07/2013;933
24/07/2013;1348
25/07/2013;1224
26/07/2013;1268
27/07/2013;463
28/07/2013;0
29/07/2013;985
30/07/2013;1272
31/07/2013;1666
1/08/2013;1173
2/08/2013;1155
3/08/2013;332
4/08/2013;0
5/08/2013;737
6/08/2013;1170
7/08/2013;23
8/08/2013;836
9/08/2013;1133
10/08/2013;504
11/08/2013;1
12/08/2013;1036
13/08/2013;1361
14/08/2013;1401
15/08/2013;1314
16/08/2013;1200
17/08/2013;299
18/08/2013;0
19/08/2013;0
20/08/2013;755
21/08/2013;1064
22/08/2013;1015
23/08/2013;1283
24/08/2013;300
25/08/2013;0
26/08/2013;828
27/08/2013;883
28/08/2013;1209
29/08/2013;1148
30/08/2013;1265
31/08/2013;431
1/09/2013;0
2/09/2013;742
3/09/2013;907
4/09/2013;1075
5/09/2013;1152
6/09/2013;1087
7/09/2013;310
8/09/2013;0
9/09/2013;878
10/09/2013;1275
11/09/2013;1284
12/09/2013;1249
13/09/2013;1227
14/09/2013;303
15/09/2013;6
16/09/2013;912
17/09/2013;1124
18/09/2013;1225
19/09/2013;1233
20/09/2013;1143
21/09/2013;300
22/09/2013;0
23/09/2013;851
24/09/2013;1121
25/09/2013;1276
26/09/2013;1388
27/09/2013;1307
28/09/2013;376
29/09/2013;0
30/09/2013;1099
1/10/2013;1093
2/10/2013;749
3/10/2013;1235
4/10/2013;1340
5/10/2013;338
6/10/2013;0
7/10/2013;983
8/10/2013;1252
9/10/2013;1292
10/10/2013;1358
11/10/2013;1283
12/10/2013;288
13/10/2013;0
14/10/2013;0
15/10/2013;651
16/10/2013;1070
17/10/2013;1161
18/10/2013;1124
19/10/2013;299
20/10/2013;0
21/10/2013;853
22/10/2013;995
23/10/2013;1115
24/10/2013;1237
25/10/2013;1180
26/10/2013;277
27/10/2013;0
28/10/2013;897
29/10/2013;1249
30/10/2013;1413
31/10/2013;1969
1/11/2013;1143
2/11/2013;274
3/11/2013;0
4/11/2013;0
5/11/2013;883
6/11/2013;1058
7/11/2013;1395
8/11/2013;1291
9/11/2013;278
10/11/2013;2
11/11/2013;0
12/11/2013;917
13/11/2013;1228
14/11/2013;1334
15/11/2013;1394
16/11/2013;314
17/11/2013;0
18/11/2013;883
19/11/2013;1157
20/11/2013;1301
21/11/2013;1290
22/11/2013;1277
23/11/2013;354
24/11/2013;0
25/11/2013;957
26/11/2013;1307
27/11/2013;1439
28/11/2013;1389
29/11/2013;1656
30/11/2013;558
1/12/2013;7
2/12/2013;792
3/12/2013;1064
4/12/2013;1170
5/12/2013;1313
6/12/2013;1433
7/12/2013;400
8/12/2013;0
9/12/2013;1101
10/12/2013;1314
11/12/2013;1439
12/12/2013;1574
13/12/2013;1790
14/12/2013;450
15/12/2013;3
16/12/2013;1043
17/12/2013;1439
18/12/2013;1686
19/12/2013;1810
20/12/2013;1866
21/12/2013;621
22/12/2013;1
23/12/2013;1591
24/12/2013;1168
25/12/2013;0
26/12/2013;1322
27/12/2013;2016
28/12/2013;1043
29/12/2013;1
30/12/2013;1927
31/12/2013;428
1/01/2014;0
2/01/2014;164
3/01/2014;289
4/01/2014;163
5/01/2014;0
6/01/2014;0
7/01/2014;547
8/01/2014;718
9/01/2014;627
10/01/2014;1269
11/01/2014;348
12/01/2014;0
13/01/2014;854
14/01/2014;755
15/01/2014;1223
16/01/2014;985
17/01/2014;1113
18/01/2014;136
19/01/2014;1
20/01/2014;634
21/01/2014;1025
22/01/2014;1140
23/01/2014;1052
24/01/2014;931
25/01/2014;397
26/01/2014;1
27/01/2014;599
28/01/2014;1195
29/01/2014;1177
30/01/2014;1158
31/01/2014;1719
1/02/2014;231
2/02/2014;6
3/02/2014;708
4/02/2014;940
5/02/2014;1091
6/02/2014;1325
7/02/2014;1317
8/02/2014;351
9/02/2014;0
10/02/2014;936
11/02/2014;953
12/02/2014;1291
13/02/2014;1115
14/02/2014;1226
15/02/2014;293
16/02/2014;0
17/02/2014;848
18/02/2014;1030
19/02/2014;1075
20/02/2014;1085
21/02/2014;1188
22/02/2014;310
23/02/2014;0
24/02/2014;861
25/02/2014;1123
26/02/2014;1321
27/02/2014;1476
28/02/2014;1770
1/03/2014;211
2/03/2014;0
3/03/2014;660
4/03/2014;867
5/03/2014;1021
6/03/2014;1175
7/03/2014;1327
8/03/2014;331
9/03/2014;0
10/03/2014;831
11/03/2014;1166
12/03/2014;1163
13/03/2014;1216
14/03/2014;1220
15/03/2014;343
16/03/2014;6
17/03/2014;735
18/03/2014;1061
19/03/2014;1135
20/03/2014;1240
21/03/2014;1374
22/03/2014;335
23/03/2014;1
24/03/2014;0
25/03/2014;879
26/03/2014;1303
27/03/2014;1439
28/03/2014;1280
29/03/2014;653
30/03/2014;2
31/03/2014;1210
1/04/2014;1219
2/04/2014;960
3/04/2014;1220
4/04/2014;1438
5/04/2014;382
6/04/2014;0
7/04/2014;1087
8/04/2014;1290
9/04/2014;1480
10/04/2014;1582
11/04/2014;1575
12/04/2014;228
13/04/2014;0
14/04/2014;1321
15/04/2014;1133
16/04/2014;886
17/04/2014;0
18/04/2014;0
19/04/2014;0
20/04/2014;0
21/04/2014;684
22/04/2014;1079
23/04/2014;1182
24/04/2014;1386
25/04/2014;1157
26/04/2014;479
27/04/2014;1
28/04/2014;1081
29/04/2014;1427
30/04/2014;1945
1/05/2014;2
2/05/2014;917
3/05/2014;294
4/05/2014;1
5/05/2014;849
6/05/2014;1070
7/05/2014;1127
8/05/2014;1240
9/05/2014;1202
10/05/2014;316
11/05/2014;0
12/05/2014;788
13/05/2014;1193
14/05/2014;1272
15/05/2014;1218
16/05/2014;1235
17/05/2014;362
18/05/2014;1
19/05/2014;822
20/05/2014;1140
21/05/2014;1210
22/05/2014;1249
23/05/2014;1227
24/05/2014;390
25/05/2014;0
26/05/2014;729
27/05/2014;1282
28/05/2014;1689
29/05/2014;1625
30/05/2014;1890
31/05/2014;673
1/06/2014;1
2/06/2014;0
3/06/2014;760
4/06/2014;998
5/06/2014;1232
6/06/2014;1229
7/06/2014;368
8/06/2014;1
9/06/2014;1049
10/06/2014;1213
11/06/2014;1317
12/06/2014;1233
13/06/2014;847
14/06/2014;410
15/06/2014;0
16/06/2014;1102
17/06/2014;1195
18/06/2014;1161
19/06/2014;1198
20/06/2014;1232
21/06/2014;333
22/06/2014;1
23/06/2014;0
24/06/2014;829
25/06/2014;1220
26/06/2014;1489
27/06/2014;1889
28/06/2014;839
29/06/2014;1
30/06/2014;5
1/07/2014;543
2/07/2014;1001
3/07/2014;1143
4/07/2014;920
5/07/2014;245
6/07/2014;0
7/07/2014;768
8/07/2014;1172
9/07/2014;1181
10/07/2014;1273
11/07/2014;1229
12/07/2014;383
13/07/2014;1
14/07/2014;952
15/07/2014;1174
16/07/2014;955
17/07/2014;1345
18/07/2014;1133
19/07/2014;329
20/07/2014;2
21/07/2014;686
22/07/2014;1212
23/07/2014;1168
24/07/2014;1334
25/07/2014;1260
26/07/2014;528
27/07/2014;3
28/07/2014;1075
29/07/2014;1476
30/07/2014;1724
31/07/2014;1552
1/08/2014;1604
2/08/2014;318
3/08/2014;0
4/08/2014;825
5/08/2014;1034
6/08/2014;1318
7/08/2014;4
8/08/2014;1239
9/08/2014;368
10/08/2014;1
11/08/2014;1047
12/08/2014;1160
13/08/2014;1553
14/08/2014;1604
15/08/2014;1423
16/08/2014;344
17/08/2014;0
18/08/2014;0
19/08/2014;927
20/08/2014;1108
21/08/2014;1291
22/08/2014;1400
23/08/2014;384
24/08/2014;1
25/08/2014;865
26/08/2014;1479
27/08/2014;1622
28/08/2014;1723
29/08/2014;1969
30/08/2014;917
31/08/2014;8
1/09/2014;810
2/09/2014;803
3/09/2014;1297
4/09/2014;1477
5/09/2014;1346
6/09/2014;408
7/09/2014;1
8/09/2014;1042
9/09/2014;1254
10/09/2014;1497
11/09/2014;1378
12/09/2014;1256
13/09/2014;472
14/09/2014;1
15/09/2014;938
16/09/2014;1225
17/09/2014;1384
18/09/2014;1311
19/09/2014;1218
20/09/2014;328
21/09/2014;0
22/09/2014;890
23/09/2014;1206
24/09/2014;1335
25/09/2014;1466
26/09/2014;1514
27/09/2014;469
28/09/2014;10
29/09/2014;1285
30/09/2014;2026
1/10/2014;1156
2/10/2014;1286
3/10/2014;1165
4/10/2014;333
5/10/2014;0
6/10/2014;929
7/10/2014;1290
8/10/2014;1457
9/10/2014;989
10/10/2014;1861
11/10/2014;370
12/10/2014;5
13/10/2014;0
14/10/2014;969
15/10/2014;1261
16/10/2014;1369
17/10/2014;1349
18/10/2014;389
19/10/2014;2
20/10/2014;931
21/10/2014;1175
22/10/2014;1360
23/10/2014;1344
24/10/2014;1404
25/10/2014;373
26/10/2014;0
27/10/2014;1095
28/10/2014;1459
29/10/2014;1871
30/10/2014;1827
31/10/2014;2514
1/11/2014;230
2/11/2014;1
3/11/2014;0
4/11/2014;674
5/11/2014;959
6/11/2014;1373
7/11/2014;1360
8/11/2014;350
9/11/2014;0
10/11/2014;852
11/11/2014;473
12/11/2014;1681
13/11/2014;1596
14/11/2014;1535
15/11/2014;391
16/11/2014;23
17/11/2014;0
18/11/2014;915
19/11/2014;1192
20/11/2014;1137
21/11/2014;1558
22/11/2014;422
23/11/2014;0
24/11/2014;1080
25/11/2014;1333
26/11/2014;1555
27/11/2014;1784
28/11/2014;2098
29/11/2014;1175
30/11/2014;69
1/12/2014;684
2/12/2014;1055
3/12/2014;1285
4/12/2014;1699
5/12/2014;1769
6/12/2014;348
7/12/2014;1
8/12/2014;0
9/12/2014;1175
10/12/2014;1786
11/12/2014;1864
12/12/2014;2289
13/12/2014;700
14/12/2014;1
15/12/2014;1516
16/12/2014;1941
17/12/2014;2108
18/12/2014;2360
19/12/2014;2391
20/12/2014;624
21/12/2014;1
22/12/2014;1415
23/12/2014;2593
24/12/2014;1909
25/12/2014;0
26/12/2014;1656
27/12/2014;983
28/12/2014;0
29/12/2014;2106
30/12/2014;3437
31/12/2014;822
1/01/2015;0
2/01/2015;117
3/01/2015;76
4/01/2015;0
5/01/2015;325
6/01/2015;739
7/01/2015;1128
8/01/2015;1067
9/01/2015;1180
10/01/2015;377
11/01/2015;0
12/01/2015;2
13/01/2015;859
14/01/2015;1111
15/01/2015;949
16/01/2015;1271
17/01/2015;394
18/01/2015;0
19/01/2015;811
20/01/2015;1097
21/01/2015;1169
22/01/2015;1044
23/01/2015;772
24/01/2015;323
25/01/2015;0
26/01/2015;731
27/01/2015;1164
28/01/2015;1171
29/01/2015;1250
30/01/2015;1580
31/01/2015;659
1/02/2015;1
2/02/2015;739
3/02/2015;880
4/02/2015;1033
5/02/2015;1016
6/02/2015;1181
7/02/2015;312
8/02/2015;0
9/02/2015;856
10/02/2015;1074
11/02/2015;1203
12/02/2015;1145
13/02/2015;1091
14/02/2015;274
15/02/2015;1
16/02/2015;667
17/02/2015;994
18/02/2015;1081
19/02/2015;1136
20/02/2015;1121
21/02/2015;331
22/02/2015;22
23/02/2015;787
24/02/2015;1153
25/02/2015;1242
26/02/2015;1188
27/02/2015;1791
28/02/2015;691
1/03/2015;0
2/03/2015;438
3/03/2015;1071
4/03/2015;1129
5/03/2015;1310
6/03/2015;1126
7/03/2015;293
8/03/2015;1
9/03/2015;665
10/03/2015;1051
11/03/2015;1196
12/03/2015;1184
13/03/2015;1141
14/03/2015;314
15/03/2015;0
16/03/2015;734
17/03/2015;974
18/03/2015;1118
19/03/2015;1091
20/03/2015;1210
21/03/2015;312
22/03/2015;0
23/03/2015;0
24/03/2015;862
25/03/2015;1098
26/03/2015;1174
27/03/2015;1723
28/03/2015;541
29/03/2015;29
30/03/2015;1333
31/03/2015;1692
1/04/2015;613
2/04/2015;0
3/04/2015;0
4/04/2015;1
5/04/2015;0
6/04/2015;634
7/04/2015;882
8/04/2015;1030
9/04/2015;1098
10/04/2015;1110
11/04/2015;316
12/04/2015;0
13/04/2015;740
14/04/2015;1112
15/04/2015;1114
16/04/2015;1072
17/04/2015;1086
18/04/2015;251
19/04/2015;11
20/04/2015;749
21/04/2015;972
22/04/2015;1042
23/04/2015;1089
24/04/2015;1042
25/04/2015;383
26/04/2015;0
27/04/2015;816
28/04/2015;1326
29/04/2015;1487
30/04/2015;2007
1/05/2015;0
2/05/2015;117
3/05/2015;0
4/05/2015;555
5/05/2015;839
6/05/2015;1005
7/05/2015;1183
8/05/2015;1212
9/05/2015;310
10/05/2015;0
11/05/2015;797
12/05/2015;1091
13/05/2015;1107
14/05/2015;1222
15/05/2015;1203
16/05/2015;327
17/05/2015;2
18/05/2015;0
19/05/2015;792
20/05/2015;1034
21/05/2015;1065
22/05/2015;1159
23/05/2015;323
24/05/2015;0
25/05/2015;916
26/05/2015;1174
27/05/2015;1244
28/05/2015;1419
29/05/2015;1725
30/05/2015;827
31/05/2015;1
1/06/2015;524
2/06/2015;820
3/06/2015;1033
4/06/2015;1201
5/06/2015;1180
6/06/2015;334
7/06/2015;2
8/06/2015;0
9/06/2015;808
10/06/2015;1149
11/06/2015;1233
12/06/2015;1239
13/06/2015;437
14/06/2015;0
15/06/2015;0
16/06/2015;732
17/06/2015;1051
18/06/2015;1169
19/06/2015;1141
20/06/2015;397
21/06/2015;0
22/06/2015;686
23/06/2015;1188
24/06/2015;1236
25/06/2015;1463
26/06/2015;1420
27/06/2015;530
28/06/2015;7
29/06/2015;0
30/06/2015;1643
1/07/2015;743
2/07/2015;985
3/07/2015;1099
4/07/2015;310
5/07/2015;2
6/07/2015;639
7/07/2015;1088
8/07/2015;1257
9/07/2015;1201
10/07/2015;1226
11/07/2015;364
12/07/2015;20
13/07/2015;864
14/07/2015;1080
15/07/2015;1226
16/07/2015;1182
17/07/2015;1002
18/07/2015;324
19/07/2015;0
20/07/2015;0
21/07/2015;731
22/07/2015;1041
23/07/2015;1329
24/07/2015;1110
25/07/2015;420
26/07/2015;8
27/07/2015;1010
28/07/2015;1322
29/07/2015;1486
30/07/2015;1589
31/07/2015;2083
1/08/2015;244
2/08/2015;0
3/08/2015;651
4/08/2015;1023
5/08/2015;1211
6/08/2015;1254
7/08/2015;28
8/08/2015;245
9/08/2015;0
10/08/2015;865
11/08/2015;1143
12/08/2015;1157
13/08/2015;1194
14/08/2015;1103
15/08/2015;361
16/08/2015;4
17/08/2015;0
18/08/2015;724
19/08/2015;1061
20/08/2015;1097
21/08/2015;1209
22/08/2015;394
23/08/2015;1
24/08/2015;745
25/08/2015;1207
26/08/2015;1277
27/08/2015;1298
28/08/2015;1586
29/08/2015;541
30/08/2015;20
31/08/2015;1686
1/09/2015;744
2/09/2015;896
3/09/2015;953
4/09/2015;1198
5/09/2015;298
6/09/2015;1
7/09/2015;898
8/09/2015;1095
9/09/2015;1230
10/09/2015;1214
11/09/2015;1141
12/09/2015;371
13/09/2015;0
14/09/2015;832
15/09/2015;1053
16/09/2015;1057
17/09/2015;1115
18/09/2015;1034
19/09/2015;244
20/09/2015;2
21/09/2015;519
22/09/2015;1054
23/09/2015;1199
24/09/2015;1110
25/09/2015;985
26/09/2015;347
27/09/2015;0
28/09/2015;939
29/09/2015;1365
30/09/2015;2121
1/10/2015;774
2/10/2015;819
3/10/2015;242
4/10/2015;0
5/10/2015;617
6/10/2015;1012
7/10/2015;993
8/10/2015;992
9/10/2015;973
10/10/2015;326
11/10/2015;5
12/10/2015;0
13/10/2015;773
14/10/2015;982
15/10/2015;1051
16/10/2015;1069
17/10/2015;270
18/10/2015;0
19/10/2015;630
20/10/2015;909
21/10/2015;987
22/10/2015;979
23/10/2015;920
24/10/2015;428
25/10/2015;25
26/10/2015;741
27/10/2015;1075
28/10/2015;1210
29/10/2015;1395
30/10/2015;1615
31/10/2015;757
1/11/2015;18
2/11/2015;0
3/11/2015;517
4/11/2015;792
5/11/2015;904
6/11/2015;986
7/11/2015;370
8/11/2015;0
9/11/2015;773
10/11/2015;1019
11/11/2015;1051
12/11/2015;1099
13/11/2015;1061
14/11/2015;240
15/11/2015;1
16/11/2015;0
17/11/2015;651
18/11/2015;940
19/11/2015;1138
20/11/2015;1100
21/11/2015;295
22/11/2015;0
23/11/2015;766
24/11/2015;1048
25/11/2015;1243
26/11/2015;1281
27/11/2015;1344
28/11/2015;617
29/11/2015;0
30/11/2015;1848
1/12/2015;669
2/12/2015;949
3/12/2015;1053
4/12/2015;1281
5/12/2015;350
6/12/2015;0
7/12/2015;807
8/12/2015;5
9/12/2015;1032
10/12/2015;1249
11/12/2015;1387
12/12/2015;364
13/12/2015;0
14/12/2015;1084
15/12/2015;1303
16/12/2015;1443
17/12/2015;1429
18/12/2015;1681
19/12/2015;544
20/12/2015;5
21/12/2015;1198
22/12/2015;1789
23/12/2015;1902
24/12/2015;1164
25/12/2015;0
26/12/2015;297
27/12/2015;3
28/12/2015;1288
29/12/2015;2194
30/12/2015;2775
31/12/2015;474
1/01/2016;0
2/01/2016;3
3/01/2016;0
4/01/2016;100
5/01/2016;258
6/01/2016;419
7/01/2016;452
8/01/2016;782
9/01/2016;197
10/01/2016;2
11/01/2016;0
12/01/2016;565
13/01/2016;1022
14/01/2016;992
15/01/2016;974
16/01/2016;291
17/01/2016;0
18/01/2016;667
19/01/2016;905
20/01/2016;904
21/01/2016;996
22/01/2016;923
23/01/2016;293
24/01/2016;0
25/01/2016;613
26/01/2016;901
27/01/2016;1005
28/01/2016;1231
29/01/2016;1488
30/01/2016;846
31/01/2016;0
1/02/2016;451
2/02/2016;694
3/02/2016;747
4/02/2016;931
5/02/2016;918
6/02/2016;226
7/02/2016;16
8/02/2016;653
9/02/2016;747
10/02/2016;895
11/02/2016;924
12/02/2016;1003
13/02/2016;305
14/02/2016;0
15/02/2016;783
16/02/2016;773
17/02/2016;1014
18/02/2016;941
19/02/2016;971
20/02/2016;225
21/02/2016;1
22/02/2016;738
23/02/2016;947
24/02/2016;1094
25/02/2016;1104
26/02/2016;1390
27/02/2016;344
28/02/2016;0
29/02/2016;1545
1/03/2016;644
2/03/2016;841
3/03/2016;845
4/03/2016;956
5/03/2016;211
6/03/2016;1
7/03/2016;809
8/03/2016;902
9/03/2016;905
10/03/2016;984
11/03/2016;952
12/03/2016;248
13/03/2016;0
14/03/2016;707
15/03/2016;965
16/03/2016;1132
17/03/2016;1125
18/03/2016;1234
19/03/2016;364
20/03/2016;1
21/03/2016;0
22/03/2016;667
23/03/2016;703
24/03/2016;0
25/03/2016;0
26/03/2016;0
27/03/2016;0
28/03/2016;596
29/03/2016;928
30/03/2016;1268
31/03/2016;1861
1/04/2016;637
2/04/2016;152
3/04/2016;8
4/04/2016;512
5/04/2016;617
6/04/2016;896
7/04/2016;938
8/04/2016;888
9/04/2016;173
10/04/2016;0
11/04/2016;613
12/04/2016;755
13/04/2016;904
14/04/2016;899
15/04/2016;875
16/04/2016;199
17/04/2016;0
18/04/2016;674
19/04/2016;768
20/04/2016;939
21/04/2016;1025
22/04/2016;898
23/04/2016;247
24/04/2016;0
25/04/2016;703
26/04/2016;1006
27/04/2016;1235
28/04/2016;1252
29/04/2016;1703
30/04/2016;899
1/05/2016;0
2/05/2016;374
3/05/2016;620
4/05/2016;840
5/05/2016;1001
6/05/2016;975
7/05/2016;255
8/05/2016;0
9/05/2016;0
10/05/2016;707
11/05/2016;910
12/05/2016;987
13/05/2016;925
14/05/2016;220
15/05/2016;0
16/05/2016;687
17/05/2016;796
18/05/2016;905
19/05/2016;925
20/05/2016;918
21/05/2016;257
22/05/2016;0
23/05/2016;659
24/05/2016;941
25/05/2016;1107
26/05/2016;1225
27/05/2016;1375
28/05/2016;358
29/05/2016;0
30/05/2016;0
31/05/2016;1613
1/06/2016;439
2/06/2016;757
3/06/2016;904
4/06/2016;244
5/06/2016;13
6/06/2016;0
7/06/2016;648
8/06/2016;836
9/06/2016;863
10/06/2016;1073
11/06/2016;207
12/06/2016;0
13/06/2016;726
14/06/2016;848
15/06/2016;926
16/06/2016;884
17/06/2016;890
18/06/2016;195
19/06/2016;0
20/06/2016;653
21/06/2016;831
22/06/2016;966
23/06/2016;942
24/06/2016;970
25/06/2016;269
26/06/2016;0
27/06/2016;906
28/06/2016;1046
29/06/2016;1464
30/06/2016;2242
1/07/2016;496
2/07/2016;81
3/07/2016;0
4/07/2016;0
5/07/2016;517
6/07/2016;762
7/07/2016;678
8/07/2016;939
9/07/2016;219
10/07/2016;0
11/07/2016;643
12/07/2016;796
13/07/2016;760
14/07/2016;724
15/07/2016;867
16/07/2016;222
17/07/2016;0
18/07/2016;584
19/07/2016;777
20/07/2016;0
21/07/2016;816
22/07/2016;893
23/07/2016;226
24/07/2016;0
25/07/2016;697
26/07/2016;971
27/07/2016;1106
28/07/2016;1312
29/07/2016;1606
30/07/2016;959
31/07/2016;1
1/08/2016;404
2/08/2016;746
3/08/2016;838
4/08/2016;986
5/08/2016;898
6/08/2016;175
7/08/2016;0
8/08/2016;798
9/08/2016;954
10/08/2016;844
11/08/2016;1133
12/08/2016;968
13/08/2016;228
14/08/2016;0
15/08/2016;0
16/08/2016;692
17/08/2016;881
18/08/2016;972
19/08/2016;1017
20/08/2016;268
21/08/2016;0
22/08/2016;728
23/08/2016;992
24/08/2016;1044
25/08/2016;1106
26/08/2016;1111
27/08/2016;356
28/08/2016;0
29/08/2016;973
30/08/2016;1500
31/08/2016;1941
1/09/2016;677
2/09/2016;770
3/09/2016;180
4/09/2016;0
5/09/2016;611
6/09/2016;862
7/09/2016;999
8/09/2016;951
9/09/2016;974
10/09/2016;239
11/09/2016;0
12/09/2016;557
13/09/2016;932
14/09/2016;914
15/09/2016;891
16/09/2016;808
17/09/2016;195
18/09/2016;0
19/09/2016;695
20/09/2016;864
21/09/2016;934
22/09/2016;885
23/09/2016;1031
24/09/2016;130
25/09/2016;0
26/09/2016;685
27/09/2016;1050
28/09/2016;1193
29/09/2016;1457
30/09/2016;2013
1/10/2016;130
2/10/2016;0
3/10/2016;423
4/10/2016;667
5/10/2016;846
6/10/2016;823
7/10/2016;865
8/10/2016;195
9/10/2016;0
10/10/2016;653
11/10/2016;832
12/10/2016;839
13/10/2016;860
14/10/2016;931
15/10/2016;213
16/10/2016;0
17/10/2016;0
18/10/2016;641
19/10/2016;781
20/10/2016;909
21/10/2016;983
22/10/2016;203
23/10/2016;0
24/10/2016;704
25/10/2016;916
26/10/2016;1037
27/10/2016;1092
28/10/2016;1304
29/10/2016;540
30/10/2016;3
31/10/2016;1899
1/11/2016;521
2/11/2016;701
3/11/2016;815
4/11/2016;901
5/11/2016;243
6/11/2016;0
7/11/2016;0
8/11/2016;720
9/11/2016;835
10/11/2016;953
11/11/2016;967
12/11/2016;220
13/11/2016;19
14/11/2016;0
15/11/2016;679
16/11/2016;902
17/11/2016;1014
18/11/2016;1015
19/11/2016;265
20/11/2016;0
21/11/2016;761
22/11/2016;1048
23/11/2016;1185
24/11/2016;1141
25/11/2016;1242
26/11/2016;457
27/11/2016;0
28/11/2016;1052
29/11/2016;1740
30/11/2016;3109
1/12/2016;812
2/12/2016;986
3/12/2016;295
4/12/2016;2
5/12/2016;917
6/12/2016;1261
7/12/2016;1361
8/12/2016;5
9/12/2016;1340
10/12/2016;441
11/12/2016;0
12/12/2016;1107
13/12/2016;1600
14/12/2016;1653
15/12/2016;1626
16/12/2016;1599
17/12/2016;378
18/12/2016;0
19/12/2016;1240
20/12/2016;1567
21/12/2016;1588
22/12/2016;1644
23/12/2016;1667
24/12/2016;334
25/12/2016;0
26/12/2016;1234
27/12/2016;1922
28/12/2016;2409
29/12/2016;3603
30/12/2016;965
31/12/2016;46
1/01/2017;0
2/01/2017;45
3/01/2017;116
4/01/2017;232
5/01/2017;455
6/01/2017;776
7/01/2017;192
8/01/2017;0
9/01/2017;0
10/01/2017;609
11/01/2017;727
12/01/2017;955
13/01/2017;1110
14/01/2017;237
15/01/2017;0
16/01/2017;853
17/01/2017;927
18/01/2017;868
19/01/2017;937
20/01/2017;850
21/01/2017;208
22/01/2017;0
23/01/2017;666
24/01/2017;842
25/01/2017;798
26/01/2017;950
27/01/2017;923
28/01/2017;244
29/01/2017;0
30/01/2017;941
31/01/2017;1846
1/02/2017;583
2/02/2017;723
3/02/2017;742
4/02/2017;211
5/02/2017;0
6/02/2017;590
7/02/2017;781
8/02/2017;833
9/02/2017;896
10/02/2017;849
11/02/2017;206
12/02/2017;3
13/02/2017;735
14/02/2017;810
15/02/2017;820
16/02/2017;808
17/02/2017;767
18/02/2017;200
19/02/2017;0
20/02/2017;633
21/02/2017;845
22/02/2017;911
23/02/2017;818
24/02/2017;1052
25/02/2017;275
26/02/2017;0
27/02/2017;1014
28/02/2017;1931
1/03/2017;485
2/03/2017;708
3/03/2017;697
4/03/2017;164
5/03/2017;0
6/03/2017;680
7/03/2017;826
8/03/2017;866
9/03/2017;884
10/03/2017;888
11/03/2017;259
12/03/2017;1
13/03/2017;714
14/03/2017;893
15/03/2017;922
16/03/2017;981
17/03/2017;851
18/03/2017;143
19/03/2017;0
20/03/2017;0
21/03/2017;616
22/03/2017;840
23/03/2017;908
24/03/2017;1007
25/03/2017;302
26/03/2017;3
27/03/2017;720
28/03/2017;1065
29/03/2017;1210
30/03/2017;1475
31/03/2017;2092
1/04/2017;130
2/04/2017;1
3/04/2017;393
4/04/2017;642
5/04/2017;808
6/04/2017;964
7/04/2017;974
8/04/2017;271
9/04/2017;0
10/04/2017;663
11/04/2017;957
12/04/2017;646
13/04/2017;0
14/04/2017;0
15/04/2017;0
16/04/2017;0
17/04/2017;642
18/04/2017;691
19/04/2017;803
20/04/2017;778
21/04/2017;891
22/04/2017;204
23/04/2017;0
24/04/2017;672
25/04/2017;1015
26/04/2017;1100
27/04/2017;1265
28/04/2017;1781
29/04/2017;881
30/04/2017;12
1/05/2017;0
2/05/2017;378
3/05/2017;596
4/05/2017;784
5/05/2017;869
6/05/2017;199
7/05/2017;0
8/05/2017;637
9/05/2017;778
10/05/2017;931
11/05/2017;880
12/05/2017;855
13/05/2017;225
14/05/2017;0
15/05/2017;629
16/05/2017;770
17/05/2017;812
18/05/2017;904
19/05/2017;878
20/05/2017;281
21/05/2017;0
22/05/2017;632
23/05/2017;912
24/05/2017;996
25/05/2017;1057
26/05/2017;1105
27/05/2017;431
28/05/2017;0
29/05/2017;0
30/05/2017;1043
31/05/2017;2443
1/06/2017;566
2/06/2017;633
3/06/2017;145
4/06/2017;0
5/06/2017;581
6/06/2017;731
7/06/2017;800
8/06/2017;843
9/06/2017;839
10/06/2017;219
11/06/2017;0
12/06/2017;610
13/06/2017;790
14/06/2017;876
15/06/2017;791
16/06/2017;850
17/06/2017;251
18/06/2017;4
19/06/2017;0
20/06/2017;719
21/06/2017;903
22/06/2017;1062
23/06/2017;1025
24/06/2017;259
25/06/2017;0
26/06/2017;0
27/06/2017;776
28/06/2017;1231
29/06/2017;1502
30/06/2017;2920
1/07/2017;109
2/07/2017;0
3/07/2017;0
4/07/2017;309
5/07/2017;651
6/07/2017;768
7/07/2017;839
8/07/2017;198
9/07/2017;1
10/07/2017;686
11/07/2017;780
12/07/2017;851
13/07/2017;844
14/07/2017;1003
15/07/2017;218
16/07/2017;1
17/07/2017;704
18/07/2017;862
19/07/2017;884
20/07/2017;2
21/07/2017;823
22/07/2017;221
23/07/2017;0
24/07/2017;695
25/07/2017;988
26/07/2017;1154
27/07/2017;1251
28/07/2017;1325
29/07/2017;483
30/07/2017;0
31/07/2017;2061
1/08/2017;620
2/08/2017;671
3/08/2017;824
4/08/2017;892
5/08/2017;189
6/08/2017;0
7/08/2017;0
8/08/2017;621
9/08/2017;905
10/08/2017;965
11/08/2017;884
12/08/2017;247
13/08/2017;0
14/08/2017;668
15/08/2017;933
16/08/2017;920
17/08/2017;993
18/08/2017;930
19/08/2017;224
20/08/2017;1
21/08/2017;0
22/08/2017;621
23/08/2017;886
24/08/2017;923
25/08/2017;1068
26/08/2017;273
27/08/2017;0
28/08/2017;846
29/08/2017;1141
30/08/2017;1570
31/08/2017;2214
1/09/2017;581
2/09/2017;152
3/09/2017;0
4/09/2017;523
5/09/2017;707
6/09/2017;881
7/09/2017;525
8/09/2017;832
9/09/2017;193
10/09/2017;1
11/09/2017;653
12/09/2017;763
13/09/2017;993
14/09/2017;845
15/09/2017;821
16/09/2017;160
17/09/2017;0
18/09/2017;631
19/09/2017;761
20/09/2017;717
21/09/2017;850
22/09/2017;815
23/09/2017;184
24/09/2017;2
25/09/2017;817
26/09/2017;965
27/09/2017;1194
28/09/2017;1363
29/09/2017;1600
30/09/2017;907
1/10/2017;0
2/10/2017;405
3/10/2017;517
4/10/2017;735
5/10/2017;758
6/10/2017;843
7/10/2017;191
8/10/2017;7
9/10/2017;592
10/10/2017;772
11/10/2017;908
12/10/2017;860
13/10/2017;939
14/10/2017;165
15/10/2017;0
16/10/2017;0
17/10/2017;565
18/10/2017;792
19/10/2017;762
20/10/2017;866
21/10/2017;230
22/10/2017;0
23/10/2017;630
24/10/2017;840
25/10/2017;953
26/10/2017;1045
27/10/2017;1112
28/10/2017;349
29/10/2017;2
30/10/2017;1248
31/10/2017;2729
1/11/2017;541
2/11/2017;712
3/11/2017;844
4/11/2017;217
5/11/2017;0
6/11/2017;0
7/11/2017;620
8/11/2017;849
9/11/2017;894
10/11/2017;906
11/11/2017;226
12/11/2017;0
13/11/2017;0
14/11/2017;538
15/11/2017;785
16/11/2017;860
17/11/2017;914
18/11/2017;238
19/11/2017;4
20/11/2017;550
21/11/2017;852
22/11/2017;932
23/11/2017;1172
24/11/2017;1248
25/11/2017;404
26/11/2017;3
27/11/2017;943
28/11/2017;1319
29/11/2017;1726
30/11/2017;2977
1/12/2017;649
2/12/2017;178
3/12/2017;1
4/12/2017;550
5/12/2017;779
6/12/2017;1001
7/12/2017;1044
8/12/2017;1
9/12/2017;148
10/12/2017;0
11/12/2017;784
12/12/2017;1084
13/12/2017;1182
14/12/2017;1171
15/12/2017;1173
16/12/2017;262
17/12/2017;0
18/12/2017;959
19/12/2017;1364
20/12/2017;1577
21/12/2017;1602
22/12/2017;1645
23/12/2017;496
24/12/2017;0
25/12/2017;0
26/12/2017;1251
27/12/2017;2102
28/12/2017;3449
29/12/2017;1084
30/12/2017;18
31/12/2017;0
